name,where_to_watch,main_role,url
Goblin,"Viki Subscription (sub), Netflix Subscription (sub), Apple TV Subscription (sub), iflix Free, Prime Video Purchase (sub)","Gong Yoo, Kim Go Eun, Lee Dong Wook, Yoo In Na, Yook Sung Jae",https://www.google.com/search?q=goblin
Strong Woman Do Bong Soon,"Disney+ Hotstar Subscription (sub), WeTV Free (sub), Netflix Subscription (sub), Apple TV Free, iflix Free, Prime Video Subscription (sub), Viki Subscription (sub)","Park Bo Young, Park Hyung Sik, Kim Ji Soo",https://www.google.com/search?q=strong+woman+do+bong+soon
Descendants Of The Sun,"WeTV Free (sub), Netflix Subscription (sub), iflix Free, Apple TV Free (sub), Hulu Subscription (sub), Viki Free (sub)","Song Joong Ki, Song Hye Kyo, Jin Goo, Kim Ji Won",https://www.google.com/search?q=descendants+of+the+sun
Weightlifting Fairy Kim Bok Joo,"WeTV Free (sub), Netflix Subscription (sub), Apple TV Free (sub), iWant TFC Subscription, Prime Video Purchase (sub), Viki Subscription (sub)","Lee Sung Kyung, Nam Joo Hyuk, Lee Jae Yoon, Kyung Soo Jin",https://www.google.com/search?q=weightlifting+fairy+kim+bok+joo
W,"WeTV Free (sub), Netflix Subscription (sub), Apple TV Free, iflix Free (sub), Viki Free (sub)","Han Hyo Joo, Lee Jong Suk",https://www.google.com/search?q=w
What'S Wrong With Secretary Kim,"WeTV Free (sub), Netflix Subscription (sub), Apple TV Free, iflix Free, Hulu Subscription (sub), Viki Subscription (sub)","Park Min Young, Park Seo Joon",https://www.google.com/search?q=what's+wrong+with+secretary+kim
It'S Okay To Not Be Okay,Netflix Subscription (sub),"Kim Soo Hyun, Seo Yea Ji, Oh Jung Se",https://www.google.com/search?q=it's+okay+to+not+be+okay
Boys Over Flowers,"Apple TV Free (sub), Tubi Free (sub), AsianCrush Free (sub), iflix Free, Hulu Subscription (sub), Viki Free (sub), WeTV Free (sub), Netflix Subscription (sub)","Gu Hye Seon, Lee Min Ho, Kim Hyun Joong, Kim Bum, Kim Joon",https://www.google.com/search?q=boys+over+flowers
Crash Landing On You,Netflix Subscription (sub),"Hyun Bin, Son Ye Jin, Seo Ji Hye, Kim Jung Hyun",https://www.google.com/search?q=crash+landing+on+you
The Heirs,"WeTV Free (sub), Netflix Subscription (sub), Apple TV Free (sub), Prime Video Subscription (sub), Viki Free (sub)","Lee Min Ho, Park Shin Hye, Kim Woo Bin",https://www.google.com/search?q=the+heirs
My Love From The Star,"Apple TV Free (sub), Viki Subscription (sub), Netflix Subscription (sub)","Kim Soo Hyun, Jun Ji Hyun, Park Hae Jin, Yoo In Na",https://www.google.com/search?q=my+love+from+the+star
While You Were Sleeping,"WeTV Free (sub), Netflix Subscription (sub), Apple TV Free (sub), iflix Free (sub), Hulu Subscription (sub), Viki Free (sub)","Bae Suzy, Lee Jong Suk, Jung Hae In, Lee Sang Yeob",https://www.google.com/search?q=while+you+were+sleeping
Hotel Del Luna,"WeTV Free (sub), Netflix Subscription (sub), K-DRAMA Free (sub), Apple TV Free (sub), Prime Video Subscription (sub), Viki Free (sub)","IU, Yeo Jin Goo",https://www.google.com/search?q=hotel+del+luna
Pinocchio,"WeTV Free (sub), Netflix Subscription (sub), Apple TV Free, Viki Subscription (sub)","Lee Jong Suk, Park Shin Hye, Kim Young Kwang, Lee Yoo Bi, Jin Kyung",https://www.google.com/search?q=pinocchio
Healer,"Viki Subscription (sub), Netflix Subscription (sub), Apple TV Subscription (sub), Prime Video Subscription","Ji Chang Wook, Park Min Young, Yoo Ji Tae",https://www.google.com/search?q=healer
Moon Lovers: Scarlet Heart Ryeo,"SBS VOD Free, Prime Video Subscription (sub), Netflix Subscription (sub)","Lee Joon Gi, IU, Kang Ha Neul",https://www.google.com/search?q=moon+lovers:+scarlet+heart+ryeo
The Legend Of The Blue Sea,"WeTV Free (sub), Netflix Subscription (sub), SBS VOD Free, Apple TV Free (sub), Hulu Subscription (sub), Viki Free (sub)","Lee Min Ho, Jun Ji Hyun",https://www.google.com/search?q=the+legend+of+the+blue+sea
I'M Not A Robot,"WeTV Free (sub), Netflix Subscription (sub), Apple TV Free, Viki Free (sub)","Yoo Seung Ho, Chae Soo Bin, Uhm Ki Joon",https://www.google.com/search?q=i'm+not+a+robot
Fight For My Way,"WeTV Free (sub), Netflix Subscription (sub), Apple TV Free, iflix Free, Viki Subscription (sub)","Park Seo Joon, Kim Ji Won, Ahn Jae Hong, Song  Ha Yoon",https://www.google.com/search?q=fight+for+my+way
Itaewon Class,Netflix Subscription (sub),"Park Seo Joon, Kim Da Mi, Kwon Na Ra, Yoo Jae Myung",https://www.google.com/search?q=itaewon+class
Eulachacha Waikiki,"iflix Free, Viki Free (sub), WeTV Free (sub), Netflix Subscription (sub)","Kim Jung Hyun, Lee Yi Kyung, Son Seung Won, Jung In Sun, Go Won Hee, Lee Joo Woo",https://www.google.com/search?q=eulachacha+waikiki
School 2017,"Apple TV Subscription (sub), Viki Free (sub), Netflix Subscription (sub)","Kim Se Jeong, Kim Jung Hyun, Jang Dong Yoon, Han Sun Hwa, Han Joo Wan",https://www.google.com/search?q=school+2017
"Nevertheless,",Netflix Subscription (sub),"Han So Hee, Song Kang, Chae Jong Hyeop, Lee Yeol Eum, Yang Hye Ji","https://www.google.com/search?q=nevertheless,"
Hello Monster,"Apple TV Subscription (sub), Viki Free (sub)","Seo In Guk, Jang Na Ra, Park Bo Gum, Choi Won Young",https://www.google.com/search?q=hello+monster
Rooftop Prince,"WeTV Free (sub), Netflix Subscription (sub), Apple TV Free, SBS World Free (sub), Viki Free (sub)","Park Yoo Chun, Han Ji Min, Jung Yoo Mi, Lee Tae Sung, Lee Tae Ri, Choi  Woo Shik, Jung Suk Won",https://www.google.com/search?q=rooftop+prince
Flower Boy Next Door,"K-DRAMA Free (sub), AsianCrush Free (sub), Prime Video Ppv (sub), Viki Subscription, WeTV Free (sub)","Park Shin Hye, Yoon Shi Yoon, Kim Ji Hoon",https://www.google.com/search?q=flower+boy+next+door
Kingdom,Netflix Subscription (sub),"Joo Ji Hoon, Ryu Seung Ryong, Bae Doo Na, Kim Sung Gyu",https://www.google.com/search?q=kingdom
Chicago Typewriter,"Viki Free (sub), WeTV Free (sub), K-DRAMA Free (sub), Apple TV Free (sub)","Yoo Ah In, Im Soo Jung, Go Kyung Pyo, Kwak Shi Yang",https://www.google.com/search?q=chicago+typewriter
Move To Heaven,Netflix Subscription (sub),"Lee Je Hoon, Tang Jun Sang, Hong Seung Hee",https://www.google.com/search?q=move+to+heaven
Save Me,K-DRAMA Free (sub),"Seo Yea Ji, Ok Taec Yeon, Woo Do Hwan, Jo Sung Ha",https://www.google.com/search?q=save+me
Shopping King Louie,"Viki Free (sub), Netflix Subscription (sub)","Seo In Guk, Nam Ji Hyun, Yoon Sang Hyun, Im Se Mi",https://www.google.com/search?q=shopping+king+louie
Moon Embracing The Sun,"Apple TV Free, iflix Free, Viki Subscription (sub), WeTV Free (sub), Netflix Subscription (sub)","Han Ga In, Kim Soo Hyun, Jung Il Woo, Kim Min Seo",https://www.google.com/search?q=moon+embracing+the+sun
My Name,Netflix Subscription (sub),"Han So Hee, Park Hee Soon, Ahn Bo Hyun, Lee Hak Joo, Kim  Sang Ho, Chang Ryul",https://www.google.com/search?q=my+name
Search: Www,"WeTV Free (sub), Netflix Subscription (sub), K-DRAMA Free (sub), Apple TV Free, iflix Free, Hulu Subscription (sub), Viki Free (sub)","Im Soo Jung, Lee Da Hee, Jeon Hye Jin, Jang Ki Yong, Lee Jae Wook, Ji Seung Hyun",https://www.google.com/search?q=search:+www
Our Beloved Summer,"Wavve Free (sub), Netflix Subscription (sub)","Choi  Woo Shik, Kim Da Mi, Kim Sung Cheol, Roh Jeong Eui",https://www.google.com/search?q=our+beloved+summer
Sassy Go Go,"Viki Free (sub), Netflix Subscription (sub)","Jung Eun Ji, Lee Won Keun, Chae Soo Bin, Kim Ji Soo, Cha Hak Yeon",https://www.google.com/search?q=sassy+go+go
Dr. Romantic,"SBS VOD Free, Viki Subscription (sub), WeTV Free (sub), Netflix Subscription (sub)","Han Seok Kyu, Yoo Yeon Seok, Seo Hyun Jin",https://www.google.com/search?q=dr.+romantic
Goong,"Viki Subscription, WeTV Free (sub)","Yoon Eun Hye, Joo Ji Hoon, Song Ji Hyo, Kim Jeong Hoon",https://www.google.com/search?q=goong
Lawless Lawyer,"WeTV Free (sub), Netflix Subscription (sub), K-DRAMA Free (sub), Apple TV Free, Viki Free (sub)","Lee Joon Gi, Seo Yea Ji, Lee Hye Young, Choi Min Soo",https://www.google.com/search?q=lawless+lawyer
The Innocent Man,"Viki Subscription (sub), WeTV Free (sub), Netflix Subscription (sub)","Moon Chae Won, Song Joong Ki, Park Shi Yeon",https://www.google.com/search?q=the+innocent+man
Splash Splash Love,Viki Subscription (sub),"Yoon Doo Joon, Kim Seul Gi",https://www.google.com/search?q=splash+splash+love
Blood,"Viki Subscription (sub), Netflix Subscription (sub), KBS World Free","Ahn Jae Hyun, Gu Hye Seon, Ji Jin Hee",https://www.google.com/search?q=blood
All Of Us Are Dead,Netflix Subscription (sub),"Park Ji Hoo, Yoon Chan Young, Jo Yi Hyun, Lomon",https://www.google.com/search?q=all+of+us+are+dead
The Secret Life Of My Secretary,"WeTV Free (sub), Netflix Subscription (sub), SBS World Free, Viki Subscription (sub)","Kim Young Kwang, Jin Ki Joo, Kim Jae Kyung, Koo Ja Sung",https://www.google.com/search?q=the+secret+life+of+my+secretary
Clean With Passion For Now,"WeTV Free (sub), Netflix Subscription (sub), Apple TV Free (sub), iflix Free, Viki Free (sub)","Yoon Kyun Sang, Kim Yoo Jung, Song Jae Rim",https://www.google.com/search?q=clean+with+passion+for+now
Faith,"Apple TV Subscription, Viki Free (sub)","Kim Hee Sun, Lee Min Ho, Ryu Deok Hwan, Park Se Young, Yoo Oh Sung",https://www.google.com/search?q=faith
Record Of Youth,Netflix Subscription (sub),"Park Bo Gum, Park So Dam, Byeon Woo Seok, Kwon Soo Hyun",https://www.google.com/search?q=record+of+youth
My Holo Love,Netflix Subscription (sub),"Yoon Hyun Min, Go Sung Hee",https://www.google.com/search?q=my+holo+love
Exo Next Door,LINE TV Free (sub),"Park Chan Yeol, Moon Ga Young, Doh Kyung Soo, Oh Se Hun, Byun Baek Hyun",https://www.google.com/search?q=exo+next+door
Come And Hug Me,"Viki Subscription (sub), Netflix Subscription (sub)","Jang Ki Yong, Jin Ki Joo, Heo Joon Ho",https://www.google.com/search?q=come+and+hug+me
Sungkyunkwan Scandal,"Viki Free (sub), WeTV Free (sub)","Park Yoo Chun, Park Min Young, Song Joong Ki, Yoo Ah In",https://www.google.com/search?q=sungkyunkwan+scandal
Where Your Eyes Linger,"Viki Free (sub), WeTV Subscription (sub)","Han Gi Chan, Jang Eui Soo",https://www.google.com/search?q=where+your+eyes+linger
Mystic Pop-Up Bar,Netflix Subscription (sub),"Hwang Jung Eum, Yook Sung Jae, Choi Won Young",https://www.google.com/search?q=mystic+pop-up+bar
The Girl Who Sees Scents,"Viki Subscription (sub), Netflix Subscription (sub), SBS World Free (sub)","Park Yoo Chun, Shin Se Kyung, Namkoong Min, Yoon Jin Seo",https://www.google.com/search?q=the+girl+who+sees+scents
Dr. Romantic 2,"WeTV Free (sub), Netflix Subscription (sub), Apple TV Free (sub), Viki Free (sub)","Han Seok Kyu, Ahn Hyo Seop, Lee Sung Kyung, Kim Joo Heon",https://www.google.com/search?q=dr.+romantic+2
My Strange Hero,"SBS World Free (sub), Viki Subscription (sub), Apple TV Free","Yoo Seung Ho, Jo Bo Ah, Kwak Dong Yeon",https://www.google.com/search?q=my+strange+hero
Hi! School - Love On,"Viki Free (sub), Netflix Subscription, KBS World Free","Kim Sae Ron, Nam Woo Hyun, Lee Sung Yeol",https://www.google.com/search?q=hi!+school+-+love+on
Hit The Top,"Apple TV Free, Viki Free (sub), Netflix Subscription (sub)","Yoon Shi Yoon, Lee Se Young, Kim Min Jae, Cha Tae Hyun",https://www.google.com/search?q=hit+the+top
Mouse,"Apple TV Subscription (sub), TVING Subscription, Viki Free (sub), WeTV Free (sub)","Lee Seung Gi, Lee Hee Joon, Park Ju Hyun, Kyung Soo Jin",https://www.google.com/search?q=mouse
Jealousy Incarnate,"Viki Free (sub), Netflix Subscription (sub), SBS VOD Free, SBS World Free (sub)","Jo Jung Suk, Gong Hyo Jin, Go Kyung Pyo",https://www.google.com/search?q=jealousy+incarnate
Radio Romance,"Viki Subscription (sub), Netflix Subscription","Kim So Hyun, Yoon Doo Joon, Yoon Park, Yura",https://www.google.com/search?q=radio+romance
Rookie Historian Goo Hae Ryung,Netflix Subscription (sub),"Shin Se Kyung, Cha Eun Woo, Lee Ji Hoon, Park Ki Woong",https://www.google.com/search?q=rookie+historian+goo+hae+ryung
Beyond Evil,"Disney+ Hotstar Subscription (sub), WeTV Free (sub), Netflix Subscription (sub), Viki Free (sub)","Shin Ha Kyun, Yeo Jin Goo, Choi Dae Hoon, Kim Shin Rok, Choi Sung Eun",https://www.google.com/search?q=beyond+evil
Moorim School,"Viki Subscription (sub), Netflix Subscription (sub)","Lee Hyun Woo, Hong Bin, Seo Yea Ji, Jung Eugene",https://www.google.com/search?q=moorim+school
So I Married An Anti-Fan,Viki Free (sub),"Choi  Tae Joon, Choi Soo Young",https://www.google.com/search?q=so+i+married+an+anti-fan
Hospital Playlist 2,"TVING Subscription, Netflix Subscription (sub)","Jo Jung Suk, Yoo Yeon Seok, Jung Kyung Ho, Kim Dae Myung, Jeon Mi Do",https://www.google.com/search?q=hospital+playlist+2
The Liar And His Lover,"Viki Free (sub), WeTV Free (sub), K-DRAMA Free (sub)","Lee Hyun Woo, Joy, Lee Jung Jin, Lee Seo Won, Hong Seo Young",https://www.google.com/search?q=the+liar+and+his+lover
One Spring Night,Netflix Subscription (sub),"Jung Hae In, Han Ji Min, Kim Joon Han",https://www.google.com/search?q=one+spring+night
Color Rush,"Apple TV Subscription (sub), Viki Free (sub)","Yoo Jun, Hur Hyun Jun",https://www.google.com/search?q=color+rush
A Business Proposal,"Wavve Free (sub), Netflix Subscription (sub)","Ahn Hyo Seop, Kim Se Jeong, Kim Min Gue, Seol In Ah",https://www.google.com/search?q=a+business+proposal
Tale Of The Nine-Tailed,"WeTV Free (sub), Netflix Subscription (sub), Prime Video Subscription (sub), Viki Free (sub)","Lee Dong Wook, Jo Bo Ah, Kim Bum",https://www.google.com/search?q=tale+of+the+nine-tailed
He Is Psychometric,"Viki Free (sub), WeTV Free (sub), K-DRAMA Free (sub), Apple TV Free","Park Jin Young, Shin Ye Eun, Kim Kwon, Kim Da Som",https://www.google.com/search?q=he+is+psychometric
Just Between Lovers,"Disney+ Hotstar Subscription (sub), WeTV Free (sub), Netflix Subscription (sub), Viki Free (sub)","Lee Jun Ho, Won Jin Ah, Lee Ki Woo, Kang Han Na",https://www.google.com/search?q=just+between+lovers
Love In The Moonlight,"Apple TV Free, Viki Free (sub), WeTV Free (sub), Netflix Subscription (sub)","Park Bo Gum, Kim Yoo Jung, Jung Jin Young, Kwak Dong Yeon, Chae Soo Bin",https://www.google.com/search?q=love+in+the+moonlight
"Bring It On, Ghost","WeTV Free (sub), Netflix Subscription (sub), Viki Free (sub), K-DRAMA Free (sub)","Ok Taec Yeon, Kim So Hyun, Kwon Yool","https://www.google.com/search?q=bring+it+on,+ghost"
Uncontrollably Fond,"Viki Free (sub), WeTV Free (sub), Netflix Subscription (sub)","Kim Woo Bin, Bae Suzy, Im Joo Hwan, Im Ju Eun",https://www.google.com/search?q=uncontrollably+fond
Signal,"Viki Free (sub), WeTV Free (sub), Netflix Subscription (sub)","Lee Je Hoon, Kim Hye Soo, Jo Jin Woong",https://www.google.com/search?q=signal
Hometown Cha-Cha-Cha,"TVING Subscription, Netflix Subscription","Shin Min Ah, Kim Seon Ho, Lee Sang Yi",https://www.google.com/search?q=hometown+cha-cha-cha
Abyss,Netflix Subscription (sub),"Park Bo Young, Ahn Hyo Seop",https://www.google.com/search?q=abyss
Personal Taste,"Apple TV Free (sub), Viki Free (sub)","Lee Min Ho, Son Ye Jin, Kim Ji Suk, Wang Ji Hye",https://www.google.com/search?q=personal+taste
Sweet Home,Netflix Subscription (sub),"Song Kang, Lee Jin Wook, Lee Si Young, Lee Do Hyun, Kim Nam Hee, Go Min Si, Park Gyu Young, Go Yoon Jung, Kim Gab Soo, Kim  Sang Ho",https://www.google.com/search?q=sweet+home
Doctor Stranger,"WeTV Free (sub), Netflix Subscription (sub), Apple TV Free (sub), SBS World Free (sub), Viki Subscription (sub)","Lee Jong Suk, Jin Se Yeon, Kang So Ra, Park Hae Jin",https://www.google.com/search?q=doctor+stranger
Angel'S Last Mission: Love,"Apple TV Free (sub), KBS World Free (sub), Prime Video Purchase (sub), Viki Free (sub), Netflix Subscription (sub)","Kim Myung Soo, Shin Hye Sun, Lee Dong Gun, Kim  Bo Mi",https://www.google.com/search?q=angel's+last+mission:+love
Doctors,"Viki Free (sub), Netflix Subscription (sub), SBS VOD Free, Apple TV Free, SBS World Free, Prime Video Subscription (sub)","Kim Rae Won, Park Shin Hye, Yoon Kyun Sang, Lee Sung Kyung",https://www.google.com/search?q=doctors
Vagabond,Netflix Subscription (sub),"Lee Seung Gi, Bae Suzy, Shin Sung Rok",https://www.google.com/search?q=vagabond
Run On,Netflix Subscription (sub),"Im Si Wan, Shin Se Kyung, Choi Soo Young, Kang Tae Oh",https://www.google.com/search?q=run+on
The Beauty Inside,"Disney+ Hotstar Subscription (sub), iflix Free, Viki Free (sub), WeTV Free (sub), Netflix Subscription (sub), Apple TV Free","Seo Hyun Jin, Lee Min Ki, Lee Da Hee, Ahn Jae Hyun",https://www.google.com/search?q=the+beauty+inside
Doom At Your Service,"TVING Subscription, Prime Video Subscription (sub), Viki Subscription (sub)","Park Bo Young, Seo In Guk, Lee Soo Hyuk, Kang Tae Oh, Shin Do Hyun",https://www.google.com/search?q=doom+at+your+service
Doctor John,"Apple TV Free, Viki Free (sub), Netflix Subscription (sub)","Ji Sung, Lee Se Young, Lee Kyu Hyung, Hwang Hee",https://www.google.com/search?q=doctor+john
Mr. Heart,"Viki Free (sub), WeTV Subscription (sub), Apple TV Subscription (sub)","Han Se Jin, Cheon Seung Ho",https://www.google.com/search?q=mr.+heart
The King'S Affection,Netflix Subscription (sub),"Park Eun Bin, Rowoon, Nam Yoon Su, Choi Byung Chan, Bae Yoon Kyung, Jung Chae Yeon",https://www.google.com/search?q=the+king's+affection
My First First Love 2,Netflix Subscription (sub),"Kim Ji Soo, Jung Chae Yeon, Jung Jin Young, Choi Ri, Kang Tae Oh, Hong Ji Yoon",https://www.google.com/search?q=my+first+first+love+2
Birth Of A Beauty,"SBS World Free, Viki Free (sub), Netflix Subscription","Joo Sang Wook, Han Ye Seul, Jung Gyu Woon, Wang Ji Hye, Han Sang Jin, Ha Jae Sook",https://www.google.com/search?q=birth+of+a+beauty
Forecasting Love And Weather,"TVING Subscription, Netflix Subscription (sub)","Park Min Young, Song Kang, Yoon Park, Yura",https://www.google.com/search?q=forecasting+love+and+weather
Miss Hammurabi,"WeTV Free (sub), Netflix Subscription (sub), Viki Free (sub)","Go Ah Ra, Kim Myung Soo, Sung Dong Il, Ryu Deok Hwan, Lee Elijah, Lee Tae Sung",https://www.google.com/search?q=miss+hammurabi
Beautiful Gong Shim,"SBS World Free, Viki Subscription, Netflix Subscription (sub)","Namkoong Min, Bang Min Ah, Ohn Joo Wan, Seo Hyo Rim",https://www.google.com/search?q=beautiful+gong+shim
The Hymn Of Death,Netflix Subscription (sub),"Lee Jong Suk, Shin Hye Sun",https://www.google.com/search?q=the+hymn+of+death
Dali And The Cocky Prince,"Prime Video Purchase, Viki Free (sub), Netflix Subscription (sub)","Park Gyu Young, Kim Min Jae, Kwon Yool, Hwang Hee, Yeonwoo",https://www.google.com/search?q=dali+and+the+cocky+prince
High Society,"SBS World Free (sub), Viki Free (sub), SBS VOD Free","Uee, Sung Joon, Park Hyung Sik, Im Ji Yeon",https://www.google.com/search?q=high+society
She Would Never Know,Netflix Subscription (sub),"Won Jin Ah, Rowoon, Lee Hyun Wook, Lee Joo Bin, Lee Kyu Han",https://www.google.com/search?q=she+would+never+know
Liar Game, ,"Lee Sang Yoon, Kim So Eun, Shin Sung Rok",https://www.google.com/search?q=liar+game
Life On Mars,K-DRAMA Free (sub),"Jung Kyung Ho, Park Sung Woong, Go Ah Sung, Oh Dae Hwan, Noh Jong Hyun",https://www.google.com/search?q=life+on+mars
A Beautiful Mind,Viki Free (sub),"Jang Hyuk, Park So Dam, Yoon Hyun Min",https://www.google.com/search?q=a+beautiful+mind
Lovers Of The Red Sky,Viki Subscription (sub),"Kim Yoo Jung, Ahn Hyo Seop, Gong Myung, Kwak Shi Yang",https://www.google.com/search?q=lovers+of+the+red+sky
High School King Of Savvy,"Apple TV Subscription, Viki Free","Seo In Guk, Lee  Ha Na, Lee Soo Hyuk, Lee Yeol Eum",https://www.google.com/search?q=high+school+king+of+savvy
Psychopath Diary,Viki Free (sub),"Yoon Shi Yoon, Jung In Sun, Park Sung Hoon",https://www.google.com/search?q=psychopath+diary
Mask,"SBS World Free (sub), Viki Free (sub)","Park Soo Ae, Joo Ji Hoon, Yoo In Young, Yeon Jung Hoon",https://www.google.com/search?q=mask
Hellbound,Netflix Subscription (sub),"Yoo Ah In, Kim Hyun Joo, Yang Ik Jun, Park Jung Min, Won Jin Ah",https://www.google.com/search?q=hellbound
Yong Pal,"Viki Free (sub), Netflix Subscription (sub), SBS VOD Free, SBS World Free","Joo Won, Kim Tae Hee, Jo Hyun Jae, Chae Jung An",https://www.google.com/search?q=yong+pal
Devilish Joy,"Prime Video Purchase (sub), Viki Free (sub), Apple TV Subscription (sub)","Choi Jin Hyuk, Song  Ha Yoon, Hoya, Lee  Joo Yeon",https://www.google.com/search?q=devilish+joy
Cruel City,Viki Free (sub),"Jung Kyung Ho, Nam Gyu Ri, Lee Jae Yoon, Son Chang Min, Kim Yoo Mi",https://www.google.com/search?q=cruel+city
"Kill Me, Heal Me","WeTV Free (sub), Netflix Subscription (sub), Apple TV Free, China Huace TV Free (sub), Viki Free (sub)","Ji Sung, Hwang Jung Eum, Park Seo Joon, Kim Yoo Ri, Oh Min Suk","https://www.google.com/search?q=kill+me,+heal+me"
My Id Is Gangnam Beauty,"Disney+ Hotstar Subscription (sub), Apple TV Free (sub), iflix Free, Viki Subscription (sub), WeTV Free (sub), Netflix Subscription (sub)","Im Soo Hyang, Cha Eun Woo, Jo Woo Ri, Kwak Dong Yeon",https://www.google.com/search?q=my+id+is+gangnam+beauty
Suspicious Partner,"WeTV Free (sub), Netflix Subscription (sub), Apple TV Free (sub), Viki Free (sub)","Ji Chang Wook, Nam Ji Hyun, Choi  Tae Joon, Kwon Na Ra",https://www.google.com/search?q=suspicious+partner
Vincenzo,"TVING Subscription, Netflix Subscription (sub)","Song Joong Ki, Jeon Yeo Been, Ok Taec Yeon",https://www.google.com/search?q=vincenzo
Her Private Life,"Apple TV Free, Prime Video Subscription (sub), Viki Free (sub), WeTV Free (sub), Netflix Subscription (sub)","Park Min Young, Kim Jae Wook",https://www.google.com/search?q=her+private+life
She Was Pretty,"Apple TV Free (sub), Viki Free (sub), WeTV Free (sub), Netflix Subscription (sub)","Hwang Jung Eum, Park Seo Joon, Go Joon Hee, Choi Si Won",https://www.google.com/search?q=she+was+pretty
Secret Garden,"Apple TV Free, Prime Video Subscription (sub), Viki Subscription (sub), WeTV Free (sub), Netflix Subscription (sub)","Hyun Bin, Ha Ji Won, Yoon Sang Hyun, Kim Sa Rang",https://www.google.com/search?q=secret+garden
True Beauty,"Prime Video Subscription (sub), Viki Free (sub), Apple TV Subscription (sub)","Moon Ga Young, Cha Eun Woo, Hwang In Youp, Park Yoo Na",https://www.google.com/search?q=true+beauty
Cheese In The Trap,"WeTV Free (sub), Netflix Subscription (sub), K-DRAMA Free, Apple TV Free, Viki Free (sub)","Kim Go Eun, Park Hae Jin, Seo Kang Joon, Lee Sung Kyung",https://www.google.com/search?q=cheese+in+the+trap
Cinderella And The Four Knights,"Viki Free (sub), Netflix Subscription (sub), Apple TV Free, Tubi Free (sub)","Park So Dam, Jung Il Woo, Ahn Jae Hyun, Lee Jung Shin, Choi Min, Son Na Eun",https://www.google.com/search?q=cinderella+and+the+four+knights
Squid Game,Netflix Subscription (sub),"Lee Jung Jae, Park Hae Soo, Jung Ho Yeon, Wi Ha Joon",https://www.google.com/search?q=squid+game
Because This Is My First Life,"WeTV Free (sub), Netflix Subscription (sub), K-DRAMA Free (sub), Apple TV Free, Viki Free (sub)","Jung So Min, Lee Min Ki, Esom, Park Byung Eun, Kim Ga Eun, Kim Min Seok",https://www.google.com/search?q=because+this+is+my+first+life
Coffee Prince,"Apple TV Free (sub), iflix Free, Viki Free (sub), WeTV Free (sub), Netflix Subscription (sub)","Gong Yoo, Yoon Eun Hye, Lee Sun Kyun, Chae Jung An",https://www.google.com/search?q=coffee+prince
Extraordinary You,"Netflix Subscription (sub), Viki Free (sub), WeTV Free (sub)","Kim Hye Yoon, Rowoon, Lee Jae Wook, Lee Na Eun, Kim Young Dae, Jung Gun Joo, Lee Tae Ri",https://www.google.com/search?q=extraordinary+you
You'Re Beautiful,"Viki Free (sub), Netflix Subscription (sub)","Jang Geun Suk, Park Shin Hye, Jung Yong Hwa, Lee Hong Ki",https://www.google.com/search?q=you're+beautiful
The K2,"WeTV Free (sub), Netflix Subscription (sub), K-DRAMA Free (sub), Apple TV Free, Viki Free (sub)","Ji Chang Wook, Im Yoon Ah, Song Yoon Ah, Jo Sung Ha",https://www.google.com/search?q=the+k2
Oh My Ghost,"WeTV Free (sub), Netflix Subscription (sub), K-DRAMA Free (sub), AsianCrush Free (sub), Prime Video Subscription (sub), Viki Free (sub)","Park Bo Young, Kim Seul Gi, Jo Jung Suk, Im Joo Hwan",https://www.google.com/search?q=oh+my+ghost
I Hear Your Voice,"WeTV Free (sub), Netflix Subscription (sub), Apple TV Free (sub), Viki Free (sub)","Lee Jong Suk, Lee Bo Young, Yoon Sang Hyun, Lee Da Hee",https://www.google.com/search?q=i+hear+your+voice
Oh My Venus,"Apple TV Free (sub), iflix Free, Hulu Subscription (sub), Viki Free (sub), WeTV Free (sub), Netflix Subscription (sub)","So Ji Sub, Shin Min Ah, Jung Gyu Woon, Yoo In Young",https://www.google.com/search?q=oh+my+venus
Love Alarm,Netflix Subscription (sub),"Kim So Hyun, Jung Ga Ram, Song Kang",https://www.google.com/search?q=love+alarm
Police University,"Viki Free (sub), Netflix Subscription (sub), Prime Video Purchase","Cha Tae Hyun, Jung Jin Young, Krystal Jung",https://www.google.com/search?q=police+university
Live,"K-DRAMA Free (sub), Netflix Subscription (sub)","Lee Kwang Soo, Jung Yu Mi, Bae Sung Woo, Bae Jong Ok",https://www.google.com/search?q=live
My Country: The New Age,Netflix Subscription (sub),"Yang Se Jong, Woo Do Hwan, Kim Seol Hyun",https://www.google.com/search?q=my+country:+the+new+age
Racket Boys,Netflix Subscription (sub),"Kim Sang Kyung, Oh Na Ra, Tang Jun Sang, Son Sang Yeon, Choi Hyun Wook, Kim Kang Hoon, Kim Min Ki, Lee Jae In, Lee Ji Won",https://www.google.com/search?q=racket+boys
Twenty Again,"Viki Subscription (sub), Netflix Subscription (sub)","Choi Ji Woo, Lee Sang Yoon, Choi Won Young",https://www.google.com/search?q=twenty+again
Graceful Family,Viki Free (sub),"Im Soo Hyang, Lee Jang Woo, Bae Jong Ok",https://www.google.com/search?q=graceful+family
Mirror Of The Witch,Viki Free (sub),"Yoon Shi Yoon, Kim Sae Ron",https://www.google.com/search?q=mirror+of+the+witch
My Only Love Song,Netflix Subscription (sub),"Gong Seung Yeon, Lee  Jong Hyun",https://www.google.com/search?q=my+only+love+song
Dream Knight, ,"Song  Ha Yoon, Jay B, Park Jin Young, Mark Tuan, Jackson Wang, BamBam, Kim Yu Gyeom, Choi Young Jae",https://www.google.com/search?q=dream+knight
Ghost,"SBS World Free (sub), Viki Free (sub)","So Ji Sub, Lee Yun Hee, Kwak Do Won, Uhm Ki Joon",https://www.google.com/search?q=ghost
Jirisan,Viki Subscription (sub),"Jun Ji Hyun, Joo Ji Hoon",https://www.google.com/search?q=jirisan
Prosecutor Princess,"SBS World Free, Prime Video Purchase, Viki Subscription (sub)","Kim So Yeon, Park Shi Hoo, Han Jung Soo, Choi Song Hyun",https://www.google.com/search?q=prosecutor+princess
Sh**Ting Stars,"TVING Subscription (sub), Viki Subscription (sub), WeTV Subscription (sub)","Lee Sung Kyung, Kim Young Dae, Yoon Jong Hoon, Kim Yoon Hye, Park So Jin, Lee Jung Shin",https://www.google.com/search?q=sh**ting+stars
Encounter,"Apple TV Free (sub), Viki Free (sub), Netflix Subscription (sub)","Song Hye Kyo, Park Bo Gum",https://www.google.com/search?q=encounter
"That Winter, The Wind Blows","Viki Free (sub), Netflix Subscription (sub), Apple TV Free (sub), Tubi Free (sub)","Zo In Sung, Song Hye Kyo, Kim Bum, Jung Eun Ji","https://www.google.com/search?q=that+winter,+the+wind+blows"
Falling For Innocence,"WeTV Free (sub), Netflix Subscription (sub), Apple TV Free, Viki Free (sub)","Jung Kyung Ho, Kim So Yeon, Yoon Hyun Min",https://www.google.com/search?q=falling+for+innocence
Bad And Crazy,"TVING Subscription, Netflix Subscription (sub)","Lee Dong Wook, Wi Ha Joon, Han Ji Eun, Cha Hak Yeon",https://www.google.com/search?q=bad+and+crazy
Secret,"Apple TV Free, Viki Free (sub)","Ji Sung, Hwang Jung Eum, Bae Soo Bin, Lee Da Hee",https://www.google.com/search?q=secret
Kingdom: Season 2,Netflix Subscription (sub),"Joo Ji Hoon, Bae Doo Na, Kim Sung Gyu",https://www.google.com/search?q=kingdom:+season+2
Navillera,"TVING Subscription, Netflix Subscription (sub)","Park In Hwan, Song Kang",https://www.google.com/search?q=navillera
Voice,"Viki Free (sub), Netflix Subscription (sub), K-DRAMA Free (sub), Prime Video Subscription (sub)","Jang Hyuk, Lee  Ha Na",https://www.google.com/search?q=voice
D.P.,Netflix Subscription (sub),"Jung Hae In, Koo Kyo Hwan, Kim Sung Kyun, Son Seok Koo",https://www.google.com/search?q=d.p.
Big,"Viki Subscription (sub), Netflix Subscription (sub)","Gong Yoo, Lee Min Jung, Shin  Won Ho, Bae Suzy",https://www.google.com/search?q=big
"Hi Bye, Mama!",Netflix Subscription (sub),"Kim Tae Hee, Lee Kyu Hyung, Go Bo Gyeol, Seo Woo Jin","https://www.google.com/search?q=hi+bye,+mama!"
Semantic Error,"Apple TV Subscription (sub), Viki Free (sub)","Park Seo Ham, Park Jae Chan",https://www.google.com/search?q=semantic+error
A-Teen,"WeTV Free (sub), Netflix Subscription, Viki Free (sub), PlayList Global Free (sub)","Shin Ye Eun, Lee Na Eun, Kim Soo Hyun, Kim Dong Hee, Shin Seung Ho, Ryu Eui Hyun",https://www.google.com/search?q=a-teen
My Liberation Notes,"TVING Subscription, Netflix Subscription (sub)","Kim Ji Won, Lee Min Ki, Son Seok Koo, Lee El",https://www.google.com/search?q=my+liberation+notes
Cherry Blossoms After Winter,"Apple TV Subscription (sub), Viki Free (sub), WeTV Free (sub)","Ok Jin Uk, Kang Hui",https://www.google.com/search?q=cherry+blossoms+after+winter
Marriage Contract,"Viki Subscription (sub), Netflix Subscription (sub)","Lee Seo Jin, Uee, Shin Rin Ah",https://www.google.com/search?q=marriage+contract
My Lovely Girl,"SBS World Free (sub), Viki Subscription (sub), Apple TV Free","Rain, Krystal Jung, Kim Myung Soo, Cha Ye Ryun",https://www.google.com/search?q=my+lovely+girl
My Absolute Boyfriend,"Viki Free (sub), Netflix Subscription (sub), Apple TV Subscription (sub), Hulu Subscription (sub)","Yeo Jin Goo, Bang Min Ah, Hong Jong Hyun, Hong Seo Young, Choi Sung Won",https://www.google.com/search?q=my+absolute+boyfriend
Class Of Lies,Viki Free (sub),"Yoon Kyun Sang, Geum Sae Rok, Lee Jun Young, Choi Yoo Hwa, Choi Kyu Jin, Han So Eun, Kim Myung Ji",https://www.google.com/search?q=class+of+lies
Rich Man,"Hulu Subscription (sub), Viki Free (sub), Apple TV Subscription (sub)","Suho, Ha Yeon Soo, Oh Chang Seok, Kim Ye Won",https://www.google.com/search?q=rich+man
Iljimae,"Viki Free (sub), WeTV Free (sub)","Lee Joon Gi, Han Hyo Joo, Lee Young Ah, Park Shi Hoo",https://www.google.com/search?q=iljimae
Angel Eyes,"SBS World Free, Viki Subscription (sub)","Gu Hye Seon, Lee Sang Yoon, Kim Ji Suk",https://www.google.com/search?q=angel+eyes
Sweet Revenge,"AsianCrush Free (sub), Viki Free (sub), Apple TV Free, Tubi Free (sub)","Kim Hyang Gi, Lomon, Cha Eun Woo, Kim Hwan Hee",https://www.google.com/search?q=sweet+revenge
Our Blues,"TVING Subscription, Netflix Subscription","Lee Byung Hun, Shin Min Ah, Cha Seung Won, Lee Jung Eun, Uhm Jung Hwa, Han Ji Min, Kim Woo Bin, Kim Hye Ja, Go Doo Shim, Gi So Yoo, Choi Young Joon, Park Ji Hwan, Bae Hyun Sung, Roh Yoon Seo, Jung Eun Hye",https://www.google.com/search?q=our+blues
My Princess,"Apple TV Subscription (sub), Viki Free (sub)","Song Seung Heon, Kim Tae Hee, Park Ye Jin, Ryu Soo Young",https://www.google.com/search?q=my+princess
Cunning Single Lady,"Viki Subscription (sub), Netflix Subscription (sub)","Lee Min Jung, Joo Sang Wook, Seo Kang Joon, Kim Gyu Ri",https://www.google.com/search?q=cunning+single+lady
Man To Man,Netflix Subscription (sub),"Park Hae Jin, Kim Min Jung, Park Sung Woong, Yeon Jung Hoon, Chae Jung An, Jung Man Shik",https://www.google.com/search?q=man+to+man
Mother,"K-DRAMA Free (sub), Viki Free (sub)","Lee Bo Young, Heo Yool, Lee Hye Young",https://www.google.com/search?q=mother
Arang And The Magistrate,"Viki Subscription (sub), Netflix Subscription (sub)","Lee Joon Gi, Shin Min Ah, Yeon Woo Jin, Kwon Oh Jung, Hwang Bo Ra, Han Jung Soo, Kang Moon Young, Kim Yong Gun",https://www.google.com/search?q=arang+and+the+magistrate
Mad Dog,"Viki Subscription (sub), Netflix Subscription (sub), Apple TV Free","Yoo Ji Tae, Woo Do Hwan, Ryu Hwa Young, Jo Jae Yoon, Kim Hye Sung",https://www.google.com/search?q=mad+dog
Lucky Romance,"Viki Subscription (sub), Netflix Subscription, Apple TV Free","Hwang Jung Eum, Ryu Joon Yeol, Lee Soo Hyuk, Lee Chung Ah",https://www.google.com/search?q=lucky+romance
A Piece Of Your Mind,"Viki Free (sub), WeTV Free (sub), Apple TV Free","Jung Hae In, Chae Soo Bin, Lee  Ha Na, Kim Sung Gyu",https://www.google.com/search?q=a+piece+of+your+mind
The Red Sleeve,"Apple TV Subscription (sub), Viki Free (sub)","Lee Jun Ho, Lee Se Young, Kang Hoon",https://www.google.com/search?q=the+red+sleeve
Defendant,"Viki Subscription (sub), Netflix Subscription (sub), SBS VOD Free","Ji Sung, Uhm Ki Joon, Kwon Yu Ri, Oh Chang Seok, Uhm Hyun Kyung",https://www.google.com/search?q=defendant
My Girl,Viki Subscription (sub),"Lee Da Hae, Lee Dong Wook, Lee Joon Gi, Park Shi Yeon",https://www.google.com/search?q=my+girl
My Lovely Sam Soon,"Viki Subscription (sub), WeTV Free (sub), Apple TV Free","Kim Sun Ah, Hyun Bin, Jung Ryeo Won, Daniel Henney",https://www.google.com/search?q=my+lovely+sam+soon
Sisyphus: The Myth,Netflix Subscription (sub),"Cho Seung Woo, Park Shin Hye, Kim Byung Chul",https://www.google.com/search?q=sisyphus:+the+myth
The Penthouse 2: War In Life,"Prime Video Subscription (sub), Viki Free (sub), WeTV Free (sub), Netflix Subscription (sub)","Kim So Yeon, Eugene, Lee Ji Ah",https://www.google.com/search?q=the+penthouse+2:+war+in+life
Imitation,"Viki Subscription (sub), Netflix Subscription (sub)","Jung Ji So, Lee Jun Young, Park Ji Yeon, Jeong Yun Ho",https://www.google.com/search?q=imitation
Be Melodramatic,"Disney+ Hotstar Subscription (sub), WeTV Free (sub), Netflix Subscription (sub), Apple TV Free (sub), Viki Free (sub)","Chun Woo Hee, Jeon Yeo Been, Han Ji Eun, Ahn Jae Hong, Gong Myung",https://www.google.com/search?q=be+melodramatic
Surplus Princess, ,"Jo Bo Ah, Ohn Joo Wan, Song Jae Rim, Park Ji Soo",https://www.google.com/search?q=surplus+princess
Do You Like Brahms?,"Viki Free (sub), Netflix Subscription (sub), SBS World Free (sub)","Park Eun Bin, Kim Min Jae, Park Ji Hyun, Kim Sung Cheol",https://www.google.com/search?q=do+you+like+brahms?
The Lover, ,"Oh Jung Se, Ryu Hyun Kyung, Jung Joon Young, Choi Yeo Jin, Lee  Jae Joon, Terada Takuya, Park Jong Hwan, Ha Eun Seol",https://www.google.com/search?q=the+lover
The Fiery Priest,"Viki Subscription (sub), Apple TV Free","Kim Nam Gil, Kim Sung Kyun, Lee Ha Nee, Go Jun, Geum Sae Rok",https://www.google.com/search?q=the+fiery+priest
Soundtrack #1,"Disney+ Hotstar Subscription (sub), Disney+ Subscription (sub)","Park Hyung Sik, Han So Hee",https://www.google.com/search?q=soundtrack+#1
Ghost Doctor,"Viki Free (sub), Netflix Subscription (sub), TVING Subscription","Rain, Kim Bum, Uee, Son Na Eun",https://www.google.com/search?q=ghost+doctor
Crazy Love,"Disney+ Hotstar Subscription (sub), Disney+ Subscription","Kim Jae Wook, Krystal Jung, Ha Joon",https://www.google.com/search?q=crazy+love
Two Weeks,"Viki Subscription (sub), Netflix Subscription (sub)","Lee Joon Gi, Park Ha Sun, Ryu Soo Young, Kim So Yeon, Lee Chae Mi",https://www.google.com/search?q=two+weeks
Go Ho'S Starry Night,Viki Free (sub),"Kwon Yu Ri, Kim Young Kwang, Lee Ji Hoon",https://www.google.com/search?q=go+ho's+starry+night
Chocolate,Netflix Subscription (sub),"Yoon Kye Sang, Ha Ji Won, Jang Seung Jo, Min Jin Woong",https://www.google.com/search?q=chocolate
The Last Empress,"SBS World Free (sub), Viki Subscription (sub), Netflix Subscription (sub)","Jang Na Ra, Shin Sung Rok, Choi Jin Hyuk, Lee Elijah, Shin Eun Kyung",https://www.google.com/search?q=the+last+empress
Eulachacha Waikiki 2,"WeTV Free (sub), Netflix Subscription (sub), iflix Free, Viki Free (sub)","Kim Seon Ho, Lee Yi Kyung, Shin Hyun Soo, Moon Ga Young, Ahn So Hee, Kim Ye Won",https://www.google.com/search?q=eulachacha+waikiki+2
Why Her?,Viki Subscription,"Seo Hyun Jin, Hwang In Youp, Heo Joon Ho, Bae In Hyuk",https://www.google.com/search?q=why+her?
18 Again,"WeTV Free (sub), Netflix Subscription (sub), Viki Free (sub)","Kim Ha Neul, Yoon Sang Hyun, Lee Do Hyun",https://www.google.com/search?q=18+again
When The Camellia Blooms,Netflix Subscription (sub),"Gong Hyo Jin, Kang Ha Neul, Kim Ji Suk",https://www.google.com/search?q=when+the+camellia+blooms
The Smile Has Left Your Eyes,"Apple TV Free (sub), Viki Free (sub), K-DRAMA Free (sub)","Seo In Guk, Jung So Min, Park Sung Woong",https://www.google.com/search?q=the+smile+has+left+your+eyes
My First First Love,Netflix Subscription (sub),"Kim Ji Soo, Jung Chae Yeon, Jung Jin Young, Choi Ri, Kang Tae Oh, Hong Ji Yoon",https://www.google.com/search?q=my+first+first+love
Another Miss Oh,"Disney+ Hotstar Subscription (sub), WeTV Free (sub), Netflix Subscription (sub), K-DRAMA Free (sub)","Eric Mun, Seo Hyun Jin, Jeon Hye Bin",https://www.google.com/search?q=another+miss+oh
Twenty-Five Twenty-One,"TVING Subscription, Netflix Subscription (sub)","Kim Tae Ri, Nam Joo Hyuk, Bona, Choi Hyun Wook, Lee Joo Myung",https://www.google.com/search?q=twenty-five+twenty-one
The Tale Of Nokdu,"WeTV Free (sub), Netflix Subscription (sub), Apple TV Free, iflix Free, Viki Free (sub)","Jang Dong Yoon, Kim So Hyun, Kang Tae Oh, Jung Joon Ho",https://www.google.com/search?q=the+tale+of+nokdu
Emergency Couple,"K-DRAMA Free (sub), Apple TV Free, Viki Free (sub)","Song Ji Hyo, Choi Jin Hyuk, Lee Pil Mo, Choi Yeo Jin, Clara Lee",https://www.google.com/search?q=emergency+couple
Strangers From Hell,"K-DRAMA Free (sub), Prime Video Subscription (sub), Netflix Subscription (sub)","Im Si Wan, Lee Dong Wook",https://www.google.com/search?q=strangers+from+hell
100 Days My Prince,"WeTV Free (sub), Netflix Subscription (sub), K-DRAMA Free (sub), Apple TV Free, Viki Free (sub)","Doh Kyung Soo, Nam Ji Hyun, Kim Seon Ho",https://www.google.com/search?q=100+days+my+prince
School 2013,"Apple TV Subscription (sub), Viki Free (sub)","Lee Jong Suk, Kim Woo Bin, Choi Daniel, Jang Na Ra, Park Se Young, Kwak Jung Wook, Choi Chang Yeob, Jung Woo Yeon",https://www.google.com/search?q=school+2013
Melting Me Softly,"Apple TV Free, Viki Free (sub), K-DRAMA Free (sub)","Ji Chang Wook, Won Jin Ah, Yoon Se Ah",https://www.google.com/search?q=melting+me+softly
Happiness,"WeTV Subscription (sub), Netflix Subscription (sub), TVING Subscription (sub), Viki Free (sub)","Han Hyo Joo, Park Hyung Sik, Jo  Woo Jin",https://www.google.com/search?q=happiness
Queen In Hyun'S Man,"AsianCrush Free (sub), Prime Video Subscription (sub)","Ji Hyun Woo, Yoo In Na, Kim Jin Woo, Ga Deuk Hee",https://www.google.com/search?q=queen+in+hyun's+man
Black,"K-DRAMA Free (sub), Netflix Subscription (sub)","Song Seung Heon, Go Ah Ra",https://www.google.com/search?q=black
"Marriage, Not Dating","K-DRAMA Free (sub), Viki Free (sub), WeTV Free (sub)","Yeon Woo Jin, Han Groo, Jung Jin Woon, Han Sun Hwa, Heo Jung Min, Yoon So Hee","https://www.google.com/search?q=marriage,+not+dating"
Stranger,"Disney+ Hotstar Subscription (sub), K-DRAMA Free (sub), Netflix Subscription (sub)","Cho Seung Woo, Bae Doo Na, Lee Joon Hyuk, Yoo Jae Myung, Shin Hye Sun",https://www.google.com/search?q=stranger
Snowdrop,"Disney+ Hotstar Subscription (sub), Disney+ Subscription (sub)","Jung Hae In, Kim Ji Soo, Jang Seung Jo, Yoo In Na, Yoon Se Ah, Kim Hye Yoon, Jung Eugene",https://www.google.com/search?q=snowdrop
Gu Family Book,"Viki Subscription (sub), Netflix Subscription (sub), Apple TV Subscription (sub), Prime Video Subscription","Lee Seung Gi, Bae Suzy",https://www.google.com/search?q=gu+family+book
The Penthouse: War In Life,"Prime Video Subscription (sub), Viki Free (sub), WeTV Free (sub), Netflix Subscription (sub)","Lee Ji Ah, Kim So Yeon, Eugene",https://www.google.com/search?q=the+penthouse:+war+in+life
Tomorrow,Netflix Subscription (sub),"Kim Hee Sun, Rowoon, Lee Soo Hyuk, Yun Ji On",https://www.google.com/search?q=tomorrow
Shut Up: Flower Boy Band,Viki Free (sub),"Sung Joon, Jo Bo Ah, Kim Myung Soo, Lee Hyun Jae, Kim Min Seok, Yoo Min Kyu",https://www.google.com/search?q=shut+up:+flower+boy+band
King2Hearts,"Prime Video Purchase (sub), Viki Subscription (sub), Netflix Subscription (sub)","Lee Seung Gi, Ha Ji Won, Jo Jung Suk, Yoon Je Moon, Lee Yoon Ji",https://www.google.com/search?q=king2hearts
When The Weather Is Fine,"Disney+ Hotstar Subscription (sub), Viki Free (sub), WeTV Free (sub), iflix Free, Hulu Subscription (sub)","Park Min Young, Seo Kang Joon",https://www.google.com/search?q=when+the+weather+is+fine
Love Alarm 2,Netflix Subscription (sub),"Kim So Hyun, Jung Ga Ram, Song Kang",https://www.google.com/search?q=love+alarm+2
You'Re All Surrounded,"Viki Free (sub), Netflix Subscription (sub), Apple TV Free, SBS World Free (sub)","Lee Seung Gi, Go Ah Ra, Cha Seung Won, Oh Yoon Ah, Ahn Jae Hyun, Park Jung Min",https://www.google.com/search?q=you're+all+surrounded
Something About 1 Percent,"Viki Subscription (sub), Netflix Subscription","Ha Seok Jin, Jeon So Min",https://www.google.com/search?q=something+about+1+percent
Tomorrow With You,"WeTV Free (sub), Netflix Subscription (sub), K-DRAMA Free (sub), Viki Free","Lee Je Hoon, Shin Min Ah",https://www.google.com/search?q=tomorrow+with+you
Full House ,"Apple TV Subscription (sub), KBS World Free, WeTV Free (sub), Netflix Subscription","Rain, Song Hye Kyo, Kim Sung Soo, Han Da Gam",https://www.google.com/search?q=full+house+
The Devil Judge,"WeTV Free (sub), Netflix Subscription (sub), TVING Subscription, Viki Subscription (sub)","Ji Sung, Kim Min Jung, Park Jin Young, Park Gyu Young",https://www.google.com/search?q=the+devil+judge
Flower Boy Ramen Shop,Viki Subscription (sub),"Jung Il Woo, Lee Chung Ah, Lee Ki Woo",https://www.google.com/search?q=flower+boy+ramen+shop
Reply 1994,"Viki Free (sub), WeTV Free (sub)","Go Ah Ra, Jung Woo, Yoo Yeon Seok",https://www.google.com/search?q=reply+1994
Good Doctor,"Viki Subscription (sub), Netflix Subscription (sub), KBS Drama Classic Subscription","Joo Won, Moon Chae Won, Joo Sang Wook, Kim Min Seo",https://www.google.com/search?q=good+doctor
"Link: Eat, Love, Kill","Disney+ Hotstar Subscription (sub), Disney+ Subscription","Yeo Jin Goo, Moon Ga Young","https://www.google.com/search?q=link:+eat,+love,+kill"
The Crowned Clown,"WeTV Free (sub), Netflix Subscription (sub), K-DRAMA Free (sub), Viki Free (sub)","Yeo Jin Goo, Lee Se Young, Kim Sang Kyung",https://www.google.com/search?q=the+crowned+clown
Temperature Of Love,"Viki Free, Netflix Subscription, Apple TV Subscription (sub), SBS World Free (sub)","Seo Hyun Jin, Yang Se Jong, Kim Jae Wook, Jo Bo Ah",https://www.google.com/search?q=temperature+of+love
Strongest Deliveryman,"Tubi Free (sub), Netflix Subscription (sub)","Go Kyung Pyo, Chae Soo Bin, Kim Seon Ho, Go Won Hee",https://www.google.com/search?q=strongest+deliveryman
Page Turner,Viki Free,"Kim So Hyun, Kim Ji Soo, Shin Jae Ha",https://www.google.com/search?q=page+turner
Monstar,K-DRAMA Free (sub),"Yong Jun Hyung, Ha Yeon Soo, Kang Ha Neul, Ahn Nae Sang",https://www.google.com/search?q=monstar
Mad For Each Other,"Kakao TV Free, Netflix Subscription (sub)","Oh Yeon Seo, Jung Woo",https://www.google.com/search?q=mad+for+each+other
Iris,"WeTV Free (sub), Netflix Subscription (sub)","Lee Byung Hun, Kim Tae Hee, Jung Joon Ho, Kim So Yeon, Kim Seung Woo",https://www.google.com/search?q=iris
The Silent Sea,Netflix Subscription (sub),"Bae Doo Na, Gong Yoo, Lee Joon",https://www.google.com/search?q=the+silent+sea
Madame Antoine,Viki Free (sub),"Sung Joon, Han Ye Seul, Jung Jin Woon, Lee Joo Hyung",https://www.google.com/search?q=madame+antoine
The Boy Next Door,Dingo K-Drama Free (sub),"Choi  Woo Shik, Jang Ki Yong, Jang Hee Ryung",https://www.google.com/search?q=the+boy+next+door
49 Days,"SBS World Free (sub), Netflix Subscription (sub)","Lee Yo Won, Nam Gyu Ri, Jung Il Woo, Jo Hyun Jae, Bae Soo Bin, Seo Ji Hye",https://www.google.com/search?q=49+days
Empress Ki,"Apple TV Subscription (sub), Prime Video Subscription, Viki Subscription (sub), Netflix Subscription (sub)","Ha Ji Won, Ji Chang Wook, Joo Jin Mo, Baek Jin Hee",https://www.google.com/search?q=empress+ki
Backstreet Rookie,"Viki Free, Netflix Subscription (sub)","Ji Chang Wook, Kim Yoo Jung, Han Sun Hwa, Do Sang Woo, Sol Bin, Kim Min Gue",https://www.google.com/search?q=backstreet+rookie
Lie To Me,"Viki Free (sub), Netflix Subscription","Yoon Eun Hye, Kang Ji Hwan, Sung Joon",https://www.google.com/search?q=lie+to+me
Orange Marmalade,"Viki Free (sub), Netflix Subscription","Kim Seol Hyun, Yeo Jin Goo, Lee  Jong Hyun",https://www.google.com/search?q=orange+marmalade
Tunnel,"WeTV Free (sub), Netflix Subscription (sub), K-DRAMA Free (sub), Viki Free","Choi Jin Hyuk, Yoon Hyun Min, Lee Yoo Young",https://www.google.com/search?q=tunnel
The World Of The Married,"Disney+ Hotstar Subscription (sub), iflix Free (sub), WeTV Free (sub), Netflix Subscription (sub)","Kim Hee Ae, Park Hae Joon, Han So Hee",https://www.google.com/search?q=the+world+of+the+married
Youth Of May,"Prime Video Purchase, Viki Subscription (sub), Netflix Subscription (sub)","Lee Do Hyun, Go Min Si, Lee Sang Yi, Geum Sae Rok",https://www.google.com/search?q=youth+of+may
Love Rain,"Viki Free (sub), Netflix Subscription","Jang Geun Suk, Im Yoon Ah, Kim Shi Hoo",https://www.google.com/search?q=love+rain
7 First Kisses,LDF Free,"Lee Cho Hee, Choi Ji Woo, Lee Joon Gi, Park Hae Jin, Ji Chang Wook, Kai, Ok Taec Yeon, Lee Jong Suk, Lee Min Ho",https://www.google.com/search?q=7+first+kisses
Law School,Netflix Subscription,"Kim Myung Min, Kim Bum, Ryu Hye Young, Lee Jung Eun",https://www.google.com/search?q=law+school
Dream High 2,"Viki Subscription, Netflix Subscription (sub)","Kang So Ra, Jung Jin Woon, Park Ji Yeon, Jay B",https://www.google.com/search?q=dream+high+2
The Producers,"WeTV Free (sub), Netflix Subscription (sub), Viki Subscription","Cha Tae Hyun, Gong Hyo Jin, Kim Soo Hyun, IU",https://www.google.com/search?q=the+producers
Go Back Couple,"Viki Subscription (sub), Netflix Subscription (sub)","Jang Na Ra, Son Ho Jun",https://www.google.com/search?q=go+back+couple
Lovestruck In The City,"Kakao TV Purchase, Netflix Subscription (sub)","Ji Chang Wook, Kim Ji Won, Kim Min Seok, So Ju Yeon, Ryu Kyung Soo, Han Ji Eun",https://www.google.com/search?q=lovestruck+in+the+city
Taxi Driver,"Viki Free (sub), Netflix Subscription (sub), Prime Video Subscription (sub)","Lee Je Hoon, Esom, Kim Eui Sung, Pyo Ye Jin",https://www.google.com/search?q=taxi+driver
My Sassy Girl,"Viki Free (sub), Netflix Subscription (sub), SBS World Free (sub)","Joo Won, Oh Yeon Seo, Lee Jung Shin, Kim Yoon Hye",https://www.google.com/search?q=my+sassy+girl
Witch'S Love,Viki Free (sub),"Yoon So Hee, Hyun Woo, Hong Bin, Kim Young Ok, Go Soo Hee",https://www.google.com/search?q=witch's+love
Warm And Cozy,"Viki Subscription (sub), Netflix Subscription (sub)","Kang So Ra, Yoo Yeon Seok",https://www.google.com/search?q=warm+and+cozy
Catch The Ghost, ,"Moon Geun Young, Kim Seon Ho, Jung Eugene, Ki Do Hoon",https://www.google.com/search?q=catch+the+ghost
"Bread, Love And Dreams","KBS World Free, Viki Subscription (sub)","Yoon Shi Yoon, Oh Jae Moo, Joo Won, Shin Dong Woo, Eugene, Jo Jung Eun, Lee Young Ah","https://www.google.com/search?q=bread,+love+and+dreams"
Queen For Seven Days,"Apple TV Free, Netflix Subscription (sub), Viki Subscription","Park Min Young, Yeon Woo Jin, Lee Dong Gun",https://www.google.com/search?q=queen+for+seven+days
Sweet Stranger And Me,Viki Subscription (sub),"Park Soo Ae, Kim Young Kwang, Lee Soo Hyuk, Jo Bo Ah, Kim Ji Hoon",https://www.google.com/search?q=sweet+stranger+and+me
Hotel King, ,"Lee Dong Wook, Lee Da Hae, Im Seul Ong, Wang Ji Hye, Lee Deok Hwa, Kim Hae Sook, Jin Tae Hyun",https://www.google.com/search?q=hotel+king
"Now, We Are Breaking Up",Viki Free (sub),"Song Hye Kyo, Jang Ki Yong, Choi Hee Seo, Kim Joo Heon","https://www.google.com/search?q=now,+we+are+breaking+up"
Memories Of The Alhambra,Netflix Subscription (sub),"Hyun Bin, Park Shin Hye",https://www.google.com/search?q=memories+of+the+alhambra
Prison Playbook,"Disney+ Hotstar Subscription (sub), Netflix Subscription (sub), K-DRAMA Free (sub)","Park Hae Soo, Jung Kyung Ho",https://www.google.com/search?q=prison+playbook
Are You Human Too?,"Netflix Subscription (sub), Viki Free (sub)","Seo Kang Joon, Gong Seung Yeon, Lee Joon Hyuk, Park Hwan Hee, Kim Sung Ryung, Yoo Oh Sung, Park Young Gyu",https://www.google.com/search?q=are+you+human+too?
My Girlfriend Is A Gumiho,"Viki Free (sub), Netflix Subscription (sub), Wavve Subscription, SBS World Free (sub)","Lee Seung Gi, Shin Min Ah, Noh Min Woo",https://www.google.com/search?q=my+girlfriend+is+a+gumiho
To The Beautiful You,Viki Subscription (sub),"Sulli, Choi Min Ho, Lee Hyun Woo",https://www.google.com/search?q=to+the+beautiful+you
Heartstrings,Viki Free (sub),"Park Shin Hye, Jung Yong Hwa, So Yi Hyun, Song Chang Eui",https://www.google.com/search?q=heartstrings
The Uncanny Counter,Netflix Subscription (sub),"Cho Byeong Kyu, Yoo  Joon Sang, Kim Se Jeong, Yeom Hye Ran, Ahn Suk Hwan",https://www.google.com/search?q=the+uncanny+counter
Thirty But Seventeen,"WeTV Free (sub), Netflix Subscription (sub), Viki Free (sub)","Shin Hye Sun, Yang Se Jong, Ahn Hyo Seop, Ye Ji Won",https://www.google.com/search?q=thirty+but+seventeen
Tempted,"Viki Subscription (sub), Netflix Subscription, Apple TV Free","Woo Do Hwan, Joy, Moon Ga Young, Kim Min Jae",https://www.google.com/search?q=tempted
Mr. Queen,"Hulu Subscription (sub), Viki Subscription (sub), Prime Video Subscription (sub)","Shin Hye Sun, Kim Jung Hyun",https://www.google.com/search?q=mr.+queen
Introverted Boss,"K-DRAMA Free (sub), WeTV Free (sub), Netflix Subscription (sub)","Yeon Woo Jin, Park Hye Soo, Gong Seung Yeon, Yoon Park",https://www.google.com/search?q=introverted+boss
Sky Castle,"Disney+ Hotstar Subscription (sub), Viki Free (sub), WeTV Free (sub), Netflix Subscription (sub)","Yeom Jung Ah, Lee Tae Ran, Yoon Se Ah, Oh Na Ra, Kim Seo Hyung",https://www.google.com/search?q=sky+castle
Mr. Sunshine,Netflix Subscription (sub),"Lee Byung Hun, Kim Tae Ri, Yoo Yeon Seok, Byun Yo Han, Kim Min Jung",https://www.google.com/search?q=mr.+sunshine
Extracurricular,Netflix Subscription (sub),"Kim Dong Hee, Park Ju Hyun, Jung Da Bin, Nam Yoon Su",https://www.google.com/search?q=extracurricular
Something In The Rain,Netflix Subscription (sub),"Son Ye Jin, Jung Hae In",https://www.google.com/search?q=something+in+the+rain
My Mister,"K-DRAMA Free (sub), Apple TV Free, Viki Free (sub), WeTV Free (sub), Netflix Subscription (sub)","Lee Sun Kyun, IU",https://www.google.com/search?q=my+mister
Fated To Love You,"Viki Free (sub), Netflix Subscription (sub), Apple TV Subscription (sub)","Jang Hyuk, Jang Na Ra, Choi Jin Hyuk, Wang Ji Won",https://www.google.com/search?q=fated+to+love+you
Age Of Youth,"Apple TV Free, Prime Video Subscription (sub), Netflix Subscription (sub)","Han Ye Ri, Han Seung Yeon, Park Eun Bin, Ryu Hwa Young, Park Hye Soo",https://www.google.com/search?q=age+of+youth
My Roommate Is A Gumiho,"Viki Subscription (sub), Netflix Subscription (sub), Apple TV Subscription, TVING Subscription","Jang Ki Yong, Lee Hye Ri, Kang Han Na, Kim Do Wan, Bae In Hyuk",https://www.google.com/search?q=my+roommate+is+a+gumiho
Flower Of Evil,"Netflix Subscription (sub), Apple TV Free (sub), Hulu Subscription (sub), Viki Subscription (sub)","Lee Joon Gi, Moon Chae Won, Jang Hee Jin, Seo Hyun Woo",https://www.google.com/search?q=flower+of+evil
Romance Is A Bonus Book,Netflix Subscription (sub),"Lee Na Young, Lee Jong Suk, Jung Eugene, Wi Ha Joon",https://www.google.com/search?q=romance+is+a+bonus+book
Hwarang,"WeTV Free (sub), Netflix Subscription (sub), Apple TV Free, Viki Subscription (sub)","Park Seo Joon, Go Ah Ra, Park Hyung Sik",https://www.google.com/search?q=hwarang
City Hunter,Apple TV Free,"Lee Min Ho, Park Min Young, Lee Joon Hyuk, Kim Sang Joong",https://www.google.com/search?q=city+hunter
"It'S Okay, That'S Love","Viki Subscription (sub), WeTV Free (sub), Netflix Subscription (sub)","Zo In Sung, Gong Hyo Jin","https://www.google.com/search?q=it's+okay,+that's+love"
Reply 1988,"WeTV Free (sub), Netflix Subscription (sub), Apple TV Free (sub), Viki Free (sub)","Lee Hye Ri, Go Kyung Pyo, Ryu Joon Yeol, Park Bo Gum, Lee Dong Hwi",https://www.google.com/search?q=reply+1988
The Master'S Sun,"Apple TV Free, Wavve Subscription, Viki Free (sub), WeTV Free (sub), Netflix Subscription (sub)","Gong Hyo Jin, So Ji Sub, Seo In Guk, Kim Yoo Ri",https://www.google.com/search?q=the+master's+sun
The King: Eternal Monarch,Netflix Subscription (sub),"Lee Min Ho, Kim Go Eun, Woo Do Hwan, Lee Jung Jin, Kim Kyung Nam, Jung Eun Chae",https://www.google.com/search?q=the+king:+eternal+monarch
Touch Your Heart,"K-DRAMA Free (sub), iWant TFC Free, Viki Free (sub), WeTV Free (sub), Netflix Subscription (sub)","Lee Dong Wook, Yoo In Na, Lee Sang Woo, Son Sung Yoon",https://www.google.com/search?q=touch+your+heart
Playful Kiss,"Viki Free (sub), Netflix Subscription (sub), Tubi Free (sub), AsianCrush Free (sub), Prime Video Subscription (sub)","Kim Hyun Joong, Jung So Min, Lee Tae Sung",https://www.google.com/search?q=playful+kiss
Hospital Playlist,Netflix Subscription (sub),"Jo Jung Suk, Yoo Yeon Seok, Jung Kyung Ho, Kim Dae Myung, Jeon Mi Do",https://www.google.com/search?q=hospital+playlist
A Korean Odyssey,"Viki Free (sub), Netflix Subscription (sub), Apple TV Free","Lee Seung Gi, Cha Seung Won, Oh Yeon Seo, Lee Hong Ki, Jang Gwang",https://www.google.com/search?q=a+korean+odyssey
Start-Up,Netflix Subscription (sub),"Bae Suzy, Nam Joo Hyuk, Kim Seon Ho, Kang Han Na",https://www.google.com/search?q=start-up
Dream High,"Viki Subscription (sub), Netflix Subscription (sub)","Bae Suzy, Kim Soo Hyun, Ok Taec Yeon, Ham Eun Jung, Jang Woo Young, IU",https://www.google.com/search?q=dream+high
The Bride Of Habaek,"WeTV Free (sub), Netflix Subscription (sub), K-DRAMA Free (sub), Apple TV Free, Viki Free (sub)","Shin Se Kyung, Nam Joo Hyuk, Im Joo Hwan, Krystal Jung, Gong Myung",https://www.google.com/search?q=the+bride+of+habaek
My Secret Romance,"Viki Subscription (sub), Netflix Subscription (sub), K-DRAMA Free (sub), Apple TV Free","Sung Hoon, Song Ji Eun, Kim Jae Young, Jung Da Sol",https://www.google.com/search?q=my+secret+romance
Who Are You: School 2015,"Viki Subscription (sub), Netflix Subscription (sub), Apple TV Free (sub), KBS World Free","Kim So Hyun, Nam Joo Hyuk, Yook Sung Jae",https://www.google.com/search?q=who+are+you:+school+2015
Reply 1997,"Apple TV Free (sub), Viki Free (sub), K-DRAMA Free (sub)","Jung Eun Ji, Seo In Guk, Hoya, Shin So Yool, Eun Ji Won, Lee Si Eon, Song Jong Ho",https://www.google.com/search?q=reply+1997
The Scholar Who Walks The Night,"Viki Subscription (sub), Netflix Subscription","Lee Joon Gi, Lee Yoo Bi, Shim Chang Min, Lee Soo Hyuk, Kim So Eun",https://www.google.com/search?q=the+scholar+who+walks+the+night
Protect The Boss,"SBS World Free (sub), Viki Free (sub), Apple TV Subscription","Choi Kang Hee, Ji Sung, Kim Jae Joong, Wang Ji Hye",https://www.google.com/search?q=protect+the+boss
"Hyde, Jekyll, Me","iWant TFC Free, SBS World Free (sub), Viki Subscription (sub), Netflix Subscription (sub)","Hyun Bin, Han Ji Min, Sung Joon, Lee Hye Ri","https://www.google.com/search?q=hyde,+jekyll,+me"
Do Do Sol Sol La La Sol,Netflix Subscription (sub),"Go Ah Ra, Lee Jae Wook, Kim Joo Heon",https://www.google.com/search?q=do+do+sol+sol+la+la+sol
"Noble, My Love","Apple TV Free, Viki Free (sub)","Sung Hoon, Kim Jae Kyung","https://www.google.com/search?q=noble,+my+love"
Good Manager,"Viki Subscription (sub), Netflix Subscription (sub)","Namkoong Min, Nam Sang Mi, Lee Jun Ho, Jung Hye Sung",https://www.google.com/search?q=good+manager
Age Of Youth 2,Netflix Subscription (sub),"Han Ye Ri, Han Seung Yeon, Park Eun Bin, Ji Woo, Choi A Ra",https://www.google.com/search?q=age+of+youth+2
Kill It,"Viki Free (sub), WeTV Free (sub)","Nana, Jang Ki Yong, Roh Jeong Eui",https://www.google.com/search?q=kill+it
Yumi'S Cells,"TVING Subscription (sub), Viki Subscription (sub)","Kim Go Eun, Ahn Bo Hyun",https://www.google.com/search?q=yumi's+cells
A Gentleman'S Dignity,Viki Subscription (sub),"Jang Dong Gun, Kim Ha Neul, Kim Soo Ro, Kim Min Jong, Lee Jong Hyuk, Yoon Se Ah, Kim Jung Nan, Yoon Jin Yi",https://www.google.com/search?q=a+gentleman's+dignity
Bad Guys,Netflix Subscription (sub),"Kim Sang Joong, Park Hae Jin, Jo Dong Hyuk, Ma Dong Seok, Kang Ye Won",https://www.google.com/search?q=bad+guys
To My Star,"Viki Free (sub), WeTV Free (sub)","Son Woo Hyun, Kim Kang Min",https://www.google.com/search?q=to+my+star
Memorist,"Viki Free (sub), WeTV Free (sub)","Yoo Seung Ho, Lee Se Young, Jo Sung Ha",https://www.google.com/search?q=memorist
Long Time No See, ,"Tak Woo Suk, Yeon Seung Ho",https://www.google.com/search?q=long+time+no+see
Where Stars Land,"Apple TV Free, SBS World Free (sub), Viki Free (sub), Netflix Subscription (sub)","Chae Soo Bin, Lee Je Hoon, Lee Dong Gun, Kim Jee Soo",https://www.google.com/search?q=where+stars+land
The Sound Of Magic,Netflix Subscription (sub),"Ji Chang Wook, Choi Sung Eun, Hwang In Youp",https://www.google.com/search?q=the+sound+of+magic
Circle,K-DRAMA Free (sub),"Yeo Jin Goo, Kim Kang Woo, Gong Seung Yeon, Lee Gi Kwang",https://www.google.com/search?q=circle
Queen Of The Ring, ,"Kim Seul Gi, Ahn Hyo Seop",https://www.google.com/search?q=queen+of+the+ring
Witch'S Romance,"Prime Video Subscription (sub), Viki Free (sub), Apple TV Free, AsianCrush Free (sub)","Uhm Jung Hwa, Park Seo Joon, Han Jae Suk",https://www.google.com/search?q=witch's+romance
My Father Is Strange,"Viki Subscription (sub), Netflix Subscription (sub), Apple TV Free (sub), KBS World Free (sub)","Kim Yeong Cheol, Kim Hae Sook, Ryu Soo Young, Lee Yoo Ri, Lee Joon, Jung So Min",https://www.google.com/search?q=my+father+is+strange
"At A Distance, Spring Is Green","Apple TV Free, Viki Subscription (sub)","Park Ji Hoon, Kang  Min Ah, Bae In Hyuk","https://www.google.com/search?q=at+a+distance,+spring+is+green"
Shining Inheritance,"SBS World Free (sub), Viki Free (sub), Apple TV Subscription (sub)","Han Hyo Joo, Lee Seung Gi, Bae Soo Bin, Moon Chae Won, Ban Hyo Jung",https://www.google.com/search?q=shining+inheritance
"Meow, The Secret Boy",Viki Free (sub),"Kim Myung Soo, Shin Ye Eun, Seo Ji Hoon, Yoon Ye Joo, Kang Hoon","https://www.google.com/search?q=meow,+the+secret+boy"
"Please Come Back, Mister","SBS World Free (sub), Viki Free (sub)","Rain, Oh Yeon Seo, Kim In Kwon, Kim Soo Ro, Lee Min Jung, Lee Ha Nee, Choi Won Young, Yoon Park","https://www.google.com/search?q=please+come+back,+mister"
Wok Of Love,"Apple TV Subscription, Viki Free (sub), Netflix Subscription (sub)","Lee Jun Ho, Jang Hyuk, Jung Ryeo Won",https://www.google.com/search?q=wok+of+love
About Time,"Apple TV Free (sub), Viki Free (sub), WeTV Free (sub), Netflix Subscription (sub)","Lee Sung Kyung, Lee Sang Yoon",https://www.google.com/search?q=about+time
Bride Of The Century,Viki Free (sub),"Yang  Jin Sung, Lee Hong Ki",https://www.google.com/search?q=bride+of+the+century
A Love So Beautiful-1,"Kakao TV Purchase, Netflix Subscription","Kim Yo Han, So Ju Yeon, Yeo Hoe Hyun",https://www.google.com/search?q=a+love+so+beautiful-1
You Make Me Dance,"iflix Free (sub), Viki Free (sub), WeTV Free (sub)","Choo Young Woo, Won Hyung Hoon",https://www.google.com/search?q=you+make+me+dance
Love With Flaws,"Apple TV Free (sub), Viki Free (sub)","Oh Yeon Seo, Ahn Jae Hyun, Kim Seul Gi, Gu Won, Heo Jung Min",https://www.google.com/search?q=love+with+flaws
Arthdal Chronicles Part 1: The Children Of Prophecy,Netflix Subscription (sub),"Song Joong Ki, Jang Dong Gun, Kim Ji Won, Kim Ok Bin",https://www.google.com/search?q=arthdal+chronicles+part+1:+the+children+of+prophecy
Moment At Eighteen,"WeTV Free (sub), Netflix Subscription (sub), Viki Free (sub)","Ong Seong Wu, Kim Hyang Gi, Shin Seung Ho, Kang Ki Young",https://www.google.com/search?q=moment+at+eighteen
Missing You,Viki Free (sub),"Yoon Eun Hye, Park Yoo Chun, Yoo Seung Ho",https://www.google.com/search?q=missing+you
The Greatest Love,Viki Subscription (sub),"Cha Seung Won, Gong Hyo Jin, Yoo In Na, Yoon Kye Sang",https://www.google.com/search?q=the+greatest+love
Find Me In Your Memory,"Viki Subscription (sub), Netflix Subscription (sub), Apple TV Free","Kim Dong Wook, Moon Ga Young",https://www.google.com/search?q=find+me+in+your+memory
Misaeng: Incomplete Life,"WeTV Free (sub), Netflix Subscription (sub), Viki Free","Im Si Wan, Lee Sung Min, Kang So Ra, Kang Ha Neul, Byun Yo Han, Kim Dae Myung",https://www.google.com/search?q=misaeng:+incomplete+life
Mary Stayed Out All Night,Viki Subscription (sub),"Jang Geun Suk, Moon Geun Young, Kim Jae Wook, Kim Hyo Jin",https://www.google.com/search?q=mary+stayed+out+all+night
The Guest,"WeTV Free (sub), Netflix Subscription (sub), K-DRAMA Free (sub)","Kim Dong Wook, Kim Jae Wook, Jung Eun Chae",https://www.google.com/search?q=the+guest
Remember: War Of The Son,"SBS World Free (sub), Viki Free (sub), Netflix Subscription (sub)","Yoo Seung Ho, Park Sung Woong, Namkoong Min, Park Min Young, Jung Hye Sung",https://www.google.com/search?q=remember:+war+of+the+son
Terius Behind Me,"iWant TFC Subscription, Viki Free (sub), Netflix Subscription (sub)","So Ji Sub, Jung In Sun, Son Ho Jun, Im Se Mi",https://www.google.com/search?q=terius+behind+me
The Bridal Mask,"Viki Subscription (sub), Netflix Subscription (sub)","Joo Won, Jin Se Yeon, Park Ki Woong, Han Chae Ah",https://www.google.com/search?q=the+bridal+mask
Angry Mom,"Viki Subscription (sub), Netflix Subscription (sub)","Kim Hee Sun, Kim Yoo Jung, Ji Hyun Woo",https://www.google.com/search?q=angry+mom
Light On Me,"Viki Subscription (sub), WeTV Free (sub), KOK TV Free (sub)","Lee Sae On, Kang Yoo Seok, Choe Chan Yi, Go Woo Jin",https://www.google.com/search?q=light+on+me
The Princess'S Man,Viki Free,"Park Shi Hoo, Moon Chae Won, Kim Yeong Cheol, Song Jong Ho, Hong Soo Hyun, Lee Min Woo",https://www.google.com/search?q=the+princess's+man
D-Day,Viki Free (sub),"Kim Young Kwang, Jung So Min, Ha Seok Jin, Lee Kyung Young",https://www.google.com/search?q=d-day
Ho Goo'S Love,"AsianCrush Free (sub), Prime Video Subscription (sub)","Uee, Choi  Woo Shik, Im Seul Ong, Lee Soo Kyung",https://www.google.com/search?q=ho+goo's+love
Suits,Netflix Subscription (sub),"Jang Dong Gun, Park Hyung Sik, Jin Hee Kyung, Chae Jung An, Go Sung Hee, Choi Gwi Hwa",https://www.google.com/search?q=suits
"Arthdal Chronicles Part 2: The Sky Turning Inside Out, Rising Land",Netflix Subscription (sub),"Song Joong Ki, Jang Dong Gun, Kim Ji Won, Kim Ok Bin","https://www.google.com/search?q=arthdal+chronicles+part+2:+the+sky+turning+inside+out,+rising+land"
Missing 9,Netflix Subscription (sub),"Jung Kyung Ho, Baek Jin Hee",https://www.google.com/search?q=missing+9
Criminal Minds,WeTV Free (sub),"Lee Joon Gi, Son Hyun Joo, Moon Chae Won, Yoo  Sun, Lee Sun Bin, Go Yoon, Kim Yeong Cheol",https://www.google.com/search?q=criminal+minds
The Emperor: Owner Of The Mask,Netflix Subscription,"Yoo Seung Ho, Kim So Hyun, Kim Myung Soo, Yoon So Hee, Heo Joon Ho, Park Chul Min",https://www.google.com/search?q=the+emperor:+owner+of+the+mask
The School Nurse Files,Netflix Subscription (sub),"Jung Yu Mi, Nam Joo Hyuk",https://www.google.com/search?q=the+school+nurse+files
Who Are You, ,"So Yi Hyun, Ok Taec Yeon, Kim Jae Wook",https://www.google.com/search?q=who+are+you
Scent Of A Woman,"SBS World Free (sub), Viki Subscription (sub)","Kim Sun Ah, Lee Dong Wook, Uhm Ki Joon, Seo Hyo Rim",https://www.google.com/search?q=scent+of+a+woman
Sell Your Haunted House,"Viki Subscription, Netflix Subscription (sub), Prime Video Purchase","Jang Na Ra, Jung Yong Hwa",https://www.google.com/search?q=sell+your+haunted+house
Bel Ami,Viki Free (sub),"Jang Geun Suk, IU, Han Chae Young, Lee Jang Woo",https://www.google.com/search?q=bel+ami
The Light In Your Eyes,"Disney+ Hotstar Subscription (sub), Viki Free (sub), Netflix Subscription (sub), Hulu Subscription (sub)","Han Ji Min, Kim Hye Ja, Nam Joo Hyuk",https://www.google.com/search?q=the+light+in+your+eyes
The Guardians,"Viki Subscription (sub), Netflix Subscription (sub)","Lee Si Young, Kim Young Kwang, Kim Tae Hoon, Kim Seul Gi, Key",https://www.google.com/search?q=the+guardians
Live Up To Your Name,"K-DRAMA Free (sub), Netflix Subscription (sub)","Kim Nam Gil, Kim Ah Joong",https://www.google.com/search?q=live+up+to+your+name
Wish You: Your Melody From My Heart,"WeTV Free (sub), Netflix Subscription (sub), Viki Free (sub)","Kang In Soo, Lee Sang",https://www.google.com/search?q=wish+you:+your+melody+from+my+heart
Six Flying Dragons,"SBS VOD Free, Prime Video Ppv (sub), Viki Free (sub), Netflix Subscription (sub)","Yoo Ah In, Kim Myung Min, Shin Se Kyung, Byun Yo Han, Yoon Kyun Sang, Chun Ho Jin",https://www.google.com/search?q=six+flying+dragons
365: Repeat The Year,Viki Subscription (sub),"Lee Joon Hyuk, Nam Ji Hyun, Kim Jee Soo",https://www.google.com/search?q=365:+repeat+the+year
Familiar Wife,"K-DRAMA Free (sub), Viki Free (sub), WeTV Free (sub), Netflix Subscription (sub)","Ji Sung, Han Ji Min, Kang Han Na, Jang Seung Jo",https://www.google.com/search?q=familiar+wife
High-End Crush,Viki Free (sub),"Jung Il Woo, Jin Se Yeon",https://www.google.com/search?q=high-end+crush
Revolutionary Love,"WeTV Free (sub), Netflix Subscription (sub), K-DRAMA Free, Apple TV Free, iflix Subscription, Viki Free (sub)","Choi Si Won, Kang So Ra, Gong Myung",https://www.google.com/search?q=revolutionary+love
